Datetime,Water Level (m)
2025-03-20 12:00:00,0.22889332
2025-03-20 13:00:00,0.44909006
2025-03-20 14:00:00,0.5882789
2025-03-20 15:00:00,0.5617673
2025-03-20 16:00:00,0.35960492
2025-03-20 17:00:00,0.06904903
2025-03-20 18:00:00,-0.14918566
2025-03-20 19:00:00,-0.3054001
2025-03-20 20:00:00,-0.43443212
2025-03-20 21:00:00,-0.5403439
2025-03-20 22:00:00,-0.60092485
2025-03-20 23:00:00,-0.4972396
2025-03-21 00:00:00,-0.10624175
2025-03-21 01:00:00,0.18700263
2025-03-21 02:00:00,0.35823002
2025-03-21 03:00:00,0.33842674
2025-03-21 04:00:00,0.12597921
2025-03-21 05:00:00,-0.11579336
2025-03-21 06:00:00,-0.29678223
2025-03-21 07:00:00,-0.44905734
2025-03-21 08:00:00,-0.5833236
2025-03-21 09:00:00,-0.6860966
2025-03-21 10:00:00,-0.7304064
2025-03-21 11:00:00,-0.5788711
2025-03-21 12:00:00,-0.18474224
2025-03-21 13:00:00,0.13624924
2025-03-21 14:00:00,0.37669864
2025-03-21 15:00:00,0.4790558
2025-03-21 16:00:00,0.43100238
2025-03-21 17:00:00,0.20855936
2025-03-21 18:00:00,-0.06531696
2025-03-21 19:00:00,-0.24975763
2025-03-21 20:00:00,-0.3910855
2025-03-21 21:00:00,-0.5181028
2025-03-21 22:00:00,-0.61108416
2025-03-21 23:00:00,-0.66017085
2025-03-22 00:00:00,-0.6027038
2025-03-22 01:00:00,-0.3479031
2025-03-22 02:00:00,-0.07142319
2025-03-22 03:00:00,0.09516221
2025-03-22 04:00:00,0.05179673
2025-03-22 05:00:00,-0.1274883
2025-03-22 06:00:00,-0.28634316
2025-03-22 07:00:00,-0.43235755
2025-03-22 08:00:00,-0.57262504
2025-03-22 09:00:00,-0.6816727
2025-03-22 10:00:00,-0.7546144
2025-03-22 11:00:00,-0.7626881
2025-03-22 12:00:00,-0.56853515
2025-03-22 13:00:00,-0.22966252
2025-03-22 14:00:00,0.03941989
2025-03-22 15:00:00,0.2548859
2025-03-22 16:00:00,0.3829158
2025-03-22 17:00:00,0.40113565
2025-03-22 18:00:00,0.27935833
2025-03-22 19:00:00,0.01947107
2025-03-22 20:00:00,-0.20190977
2025-03-22 21:00:00,-0.34818324
2025-03-22 22:00:00,-0.4621463
2025-03-22 23:00:00,-0.549543
2025-03-23 00:00:00,-0.6035857
2025-03-23 01:00:00,-0.59341574
2025-03-23 02:00:00,-0.49477318
2025-03-23 03:00:00,-0.3289478
2025-03-23 04:00:00,-0.1573185
2025-03-23 05:00:00,-0.10007626
2025-03-23 06:00:00,-0.17541072
2025-03-23 07:00:00,-0.27954933
2025-03-23 08:00:00,-0.3836919
2025-03-23 09:00:00,-0.50194263
2025-03-23 10:00:00,-0.594174
2025-03-23 11:00:00,-0.64500433
2025-03-23 12:00:00,-0.67708814
2025-03-23 13:00:00,-0.6109602
2025-03-23 14:00:00,-0.37272498
2025-03-23 15:00:00,-0.11444901
2025-03-23 16:00:00,0.09223407
2025-03-23 17:00:00,0.2519286
2025-03-23 18:00:00,0.33084688
2025-03-23 19:00:00,0.30242947
2025-03-23 20:00:00,0.13185698
2025-03-23 21:00:00,-0.1206218
2025-03-23 22:00:00,-0.30234644
2025-03-23 23:00:00,-0.4282639
2025-03-24 00:00:00,-0.53572464
2025-03-24 01:00:00,-0.6210295
2025-03-24 02:00:00,-0.6789416
2025-03-24 03:00:00,-0.6749171
2025-03-24 04:00:00,-0.49951684
2025-03-24 05:00:00,-0.21127312
2025-03-24 06:00:00,-0.007389598
2025-03-24 07:00:00,0.07181848
2025-03-24 08:00:00,0.0036587985
2025-03-24 09:00:00,-0.13262844
2025-03-24 10:00:00,-0.2609708
2025-03-24 11:00:00,-0.39347118
2025-03-24 12:00:00,-0.514112
2025-03-24 13:00:00,-0.6004705
2025-03-24 14:00:00,-0.63330656
2025-03-24 15:00:00,-0.52255344
2025-03-24 16:00:00,-0.22770429
2025-03-24 17:00:00,0.057429127
2025-03-24 18:00:00,0.29438967
2025-03-24 19:00:00,0.45669562
2025-03-24 20:00:00,0.5006499
2025-03-24 21:00:00,0.40548867
2025-03-24 22:00:00,0.14286114
2025-03-24 23:00:00,-0.120496556
2025-03-25 00:00:00,-0.29031253
2025-03-25 01:00:00,-0.42228165
2025-03-25 02:00:00,-0.5390506
2025-03-25 03:00:00,-0.62964576
2025-03-25 04:00:00,-0.67425007
2025-03-25 05:00:00,-0.52016234
2025-03-25 06:00:00,-0.15214558
2025-03-25 07:00:00,0.12097928
2025-03-25 08:00:00,0.28331447
2025-03-25 09:00:00,0.28613424
2025-03-25 10:00:00,0.13915128
2025-03-25 11:00:00,-0.08022829
2025-03-25 12:00:00,-0.25629535
2025-03-25 13:00:00,-0.3978988
2025-03-25 14:00:00,-0.5213548
2025-03-25 15:00:00,-0.6110751
2025-03-25 16:00:00,-0.566779
2025-03-25 17:00:00,-0.19564407
2025-03-25 18:00:00,0.15853642
2025-03-25 19:00:00,0.4396774
2025-03-25 20:00:00,0.644629
2025-03-25 21:00:00,0.70207125
2025-03-25 22:00:00,0.59401464
2025-03-25 23:00:00,0.29528573
2025-03-26 00:00:00,-0.005482334
2025-03-26 01:00:00,-0.20328501
2025-03-26 02:00:00,-0.35290885
2025-03-26 03:00:00,-0.48078227
2025-03-26 04:00:00,-0.5826805
2025-03-26 05:00:00,-0.6037476
2025-03-26 06:00:00,-0.257577
2025-03-26 07:00:00,0.16598605
2025-03-26 08:00:00,0.43448558
2025-03-26 09:00:00,0.58263534
2025-03-26 10:00:00,0.5710282
2025-03-26 11:00:00,0.3808911
2025-03-26 12:00:00,0.07980289
